id,full_name,year_make,year_use,cost,sp_use_method_id,sp_direct_use_id,sp_country_id,sp_yes_no_id,sp_vuz_id
5,Дифференциальный сканирующий калориметр DSC 200 PC Phox фирмы  Netzsch ,2003,2003,1008.1,7,1,45,1,8
6,Сканирующий зондовый микроскоп «NanoEducator» (SPMO1Ed):,2008,2008,2622.85,3,1,140,1,8
7,Прибор синхронного\nтермического анализа                       ,2009,2009,3250.0,1,1,45,1,124
8,Сканирующий атомно-силовой микроскоп,2008,2008,1490.0,2,2,140,1,124
9,Спектрометр ИК-Фурье с\nприставкой диффузионного\nотражения\n\n,2010,2010,2920.0,5,3,45,1,124
10,"Анализатор углерода,\nводорода, азота, серы и\nкислорода с электронными\nмикровесами\n",2004,2004,3105.0,1,3,70,1,124
11,Спектрофотометр ИК-Фурье,2000,2000,1840.0,2,2,143,1,124
12,Масс-спектрометр,2011,2011,2600.0,1,1,45,1,124
13,Хромато-масс-спектрометр,1999,1999,1210.0,1,3,143,1,124
14,Газовый хроматограф,2010,2010,1010.0,1,3,204,1,124
15,Система\nкалориметрического\nтитрования\n,2008,2008,3960.0,1,1,143,1,124
16,Плазмохимическая\nустановка для травления\n,2010,2010,8750.0,1,1,140,1,124
17,Рентгеновский дифрактометр,2008,2008,33681.0,4,1,45,1,124
18,Сканирующий зондовый микроскоп  Solver P47,2007,2007,2133.6,3,1,140,1,128
19,Рентгеновский дифрактометр  XRD-7000S,2008,2008,5658.8,4,1,204,1,128
20,Флюориметр  RF-5301PC,2008,2008,896.36,5,1,204,1,128
21,Спектрофотометр  UV-3600,2008,2008,2298.0,5,1,204,1,128
22,ИК-Фурье спектрометр IRAffinity,2007,2007,823.52,5,1,204,1,128
23,Газовый хроматомасс-спектрометр  GCMS-QP2010 Plus,2008,2008,2794.5,1,1,204,1,128
24,Спектрально-измерительный комплекс на базе монохроматора МДР-41,2008,2008,649.8,5,1,140,2,128
25,Гелиевый криостат с замкнутым циклом SHI-4-1,2007,2007,1450.0,8,1,204,1,128
26,Пикосекундный Nd:YAG лазер PL1122,1994,1994,379.754,5,1,95,2,128
27,Система визуализации и анализа структуры нанообъектов Teknai G2 F-20 S-TWIN TMP Teknai G2 F-20 S-TWIN TMP,2012,2012,63559.3,2,1,122,1,128
28,Научный комплекс автоматизированных измерений физических свойств материалов в широком диапазоне магнитных полей и температур PPMS,2011,2011,35525.4,5,1,143,1,128
29,"Многолучевая система, оснащенная электронной и ионной пушкой JIB-4501 в комплекте с безазотной системой энергодисперсионного микроанализа JIB-4501",2010,2010,51000.0,2,1,204,1,128
30,Прибор синхронного термического анализа STA 449 F3 Jupiter,2009,2009,2496.7,7,1,45,2,9
31,Анализатор углерода и азота FLASH EA1112 CHN/MAS200,2003,2004,2771.08,7,1,143,2,9
32,ЭПР-спектрометр модели CMS 8400 в комплекте с системой термостатирования образца,2005,2005,2085.0,1,1,204,2,9
33,Специализированный спектральный комплекс для прецизионных измерений поглощения и люминесценции в ИК области,2003,2003,1117.62,1,1,205,2,9
34,"Аппарат рентгеновский для спектрального анализа \""СПЕКТРОСКАН МАКС-GV\""",2013,2013,2020.0,4,1,140,2,9
35,Система высокоэффективной жидкостной хроматографии ,2013,2013,2315.0,1,1,143,2,9
36,Установка для производства жидкого азота LNP20-Ru,2012,2012,2150.0,1,1,140,2,9
37,Газовый хромато-масс-спектрометр GCMS-QP2010Ultra с ионизацией электронным ударом,2012,2013,3390.4,7,1,204,2,9
38,Хромотограф  жидкостный  микроколоночный  Милихром  А-02,2012,2012,1680.0,1,1,140,2,9
39,Автоматизированный ЭПР спектрометр ESR70-03 XD/2 ,2012,2012,1490.0,1,1,140,2,9
40,"Комплекс оборудования Центра коллективного пользования аналитическим оборудованием ИГУ (ЯМР-Спектрометр «Varin500» VXR 500S, Спектрофотометр СФ-2000, ИК фурье-спектрометр \""Инфралюм ФТ-801\"", Спектрометр ААС \""Спектр-5-4\"", Спектрометр рентгеновский VRA 30, ИК-фурье спектрометр SPECTRUM TWO, включая SPECTRUM TIMEBASE, Металлический реактор с мешалкой R101, Низкотемпературный\nхолодильник MDF-193AT\nSanyo, Роторный испаритель Hei-VAP Precision HB/G3 HL Heidolph, Гомогенизатор TissueLyser\nLT с адаптером лизатора\nтканей, Комплекс аппаратно-программный для медициских исследований на базе хроматографа \""Хроматэк-Кристалл 5000\"", Вакуумно-дуговой ионный источник, Скоростная рентгеновская фрейм-камера, Малоугловой лазерный фотометр ФСР-1, Спекорд, Хроматограф жидкостный микроколоночный \""Милихром-6\"", ИК  Фурье-спектрометр  \""ФТ-801\""  с  приставками, Хроматограф ГАЛС-311 газовый/двухканальный, Центрифуга лаб. Eppendorf 5418, Лаборотория микроаналитическая, Спектрофотометр ПромЭкоЛаб ПЭ-5400УФ, Спектрофотометр ПЭ-5400 УФ(от 090нм), Центрифуга MPW10351)",2008,2008,8422.2,1,1,205,2,9
41,Высокоэффективный жидкостной хроматограф Thermo-Dionex UltiMate – 3000,2014,2014,2918.2,1,1,45,2,9
42,Электронный измерительный комплекс на базе потенциостата-гальваностата AUTOLAB ,2014,2014,1287.0,1,1,122,2,9
43,Волновой рентгенофлуоресцентный спектрометр последовательного анализа в комплекте,2010,2010,13700.0,2,1,140,1,10
44,Сканирующий электронный микроскоп VEGA 3 LMH с системой энергодисперсионного микроанализа (10216130),2012,2013,11106.0,5,1,140,1,10
45,"Генетический анализатор ABI PRISM 3500, 8-ми капиллярный",2012,2012,10950.0,5,1,143,1,10
46,Полусферический анализатор ALPHA 110/1,2009,2010,9190.0,5,1,2,1,10
47,Компактный настольный порошковый дифрактометр D2 PHASER в комплекте ,2011,2011,8200.0,4,1,140,1,10
48,Конический калометр GA 01,2011,2012,6200.0,4,1,140,1,10
49,Наноэдъюкатор с ПО для 5 рабочих мест,2010,2012,4028.0,7,3,143,1,10
50,Лазерный анализатор размера наночастиц Analysette 22 Nanotec plus,2012,2012,2438.0,5,1,204,1,10
51,Дифференциально-сканирующий калометр DSC4000 (автоматическая смена ,2012,2012,2200.0,2,1,204,1,10
52,Оборудование для измерения кислородного индекса EA04,2011,2011,1820.0,5,2,140,1,10
53,ИК-ФУРЬЕ спектрофотометр SPECTRUM TWO,2011,2012,1700.0,2,1,2,1,10
54,Термографический анализатор TGA 4000,2011,2012,1600.0,5,1,204,1,10
55,Многоцелевая установка для получения и исследования свойств упорядоченных наноструктур и наноконтактов,2008,2009,9800.0,1,1,140,1,10
56,Прибор для контроля целостности мембран,2013,2013,1550.69,6,1,45,1,13
57,Высокотемпературная камерная печь,2012,2012,1553.18,1,1,45,1,13
58,Система диспергирования,2008,2008,2000.0,1,1,140,1,13
59,Хроматограф жидкостной,2013,2013,2385.9,4,1,204,1,13
60,Печь лабораторная,2013,2013,2508.0,1,1,31,1,13
61,ИК-микроскоп,2013,2013,2884.1,2,1,204,1,13
62,Микроскоп металлографический инвентированный,2011,2011,2980.0,2,1,204,1,13
63,Лазерно-искровой экспресс анализатор элементного состава,2011,2011,3242.8,4,1,140,1,13
64,Испытательная машина,2013,2013,3245.0,1,1,204,1,13
65,Установка высокочастотная,2008,2008,4000.0,1,1,140,1,13
66,Энергодисперсионный рентгенофлуоресцентный спектрометр ,2009,2009,4500.8,4,1,140,1,13
67,Поромер,2013,2013,4568.0,1,1,19,1,13
68,Нанотвердомер сканирующий,2013,2013,877.575,5,1,204,1,13
69,Система микроанализа EVEX Gold для электронного микроскопа EVEX SX 3000 ,2012,2012,5541.37,2,1,45,1,13
70,Высокочастотная идукционная плазменная установка,2008,2008,7491.54,1,1,140,1,13
71,Атомно-абсорбционный спектрофотометр,2012,2012,7500.0,4,1,45,1,13
72,Микроскоп сканирующий зондовый с электрохимической приставкой,2008,2008,10000.0,2,1,143,1,13
73,Дифрактометр порошковый,2011,2011,12100.0,4,1,45,1,13
74,Конфокальный лазерный сканирующий 3D микроскоп,2011,2011,12300.0,2,1,204,1,13
75,Рентгено-флуоресцентный энергодисперсионный спектрометр с полным внешним отражением,2011,2011,13990.0,4,1,45,1,13
76,Высокочастотная емкостная плазменная установка,2008,2008,17200.0,1,1,140,1,13
77,Электронный растровый микроскоп,2012,2012,21541.2,2,1,45,1,13
78,Растровый электронный микроскоп SEM JEOL JSM – 6390 LA,2010,2011,35000.0,2,3,204,2,135
79,Рентгеновский дифрактометр Дифрей 401,2011,2011,2100.0,4,3,140,2,135
80,"Электрохимический комплекс PARSTAT 4000, Versastat 3",2013,2013,3100.0,5,3,143,2,135
81,Химический реактор Anton Paar,2010,2010,1900.0,6,3,2,2,135
82,Просвечивающий электронный микроскоп JEM-2100,2012,2013,33000.0,2,1,204,1,135
83,Микро-Раман спектрометр LabRam HR 800,2012,2012,17000.0,5,1,184,1,135
84,ИК-Фурье спектрометр  Bruker Vertex 80v,2010,2011,9000.0,5,1,45,1,135
85,"Комплекс: анализатор стереоизображений поверхности твердых тел на базе стереомикроскопа MeijiTechnoRZ-В MeijiTechnoCorp., микроскоп металлографический инвертированный Meiji-200 МeijiTechnoCorp. с программой анализа изображений Thixomet PRO ООО «Тиксомет».",2011,2011,1473.5,2,1,204,1,17
86,Растровый электронный микроскоп JSM-6490LVJEOL,2008,2008,6485.0,2,1,204,1,17
87,"Система микроанализа для растрового электронного микроскопа JEOL JSM- 6490LV INCA Energy 450 x-МАХ 50 Premium, HKL Premium EBSD System Nordlys II 2 S Oxford InstrumentsLtd.",2011,2011,10500.0,2,1,31,1,17
88,Универсальный твердомер М4С075G3 ЕmсоTest.,2011,2011,2462.5,8,1,2,1,17
89,Комплекс физического моделирования Gleeble 3500 DynamicSystemInc.,2012,2012,32757.6,7,1,143,1,17
90,"Универсальный научно-исследовательский комплекс для исследования механических свойств материалов AG IC-300 kN, AG IC-50 kN, TRWiewX Shimadzu Corp",2012,2012,4950.0,7,1,204,1,17
91,"Комплект оборудования для определения физико-механических свойств материалов UMT-1, Bruker",2013,2013,5400.0,7,1,143,1,17
92,"Интерференционный микроскоп Contour GT K1, Bruker",2012,2012,6413.8,2,1,143,1,17
93,"MarSurf XCR 20 с топографией ХТ 20, Mahr",2012,2012,3600.0,2,1,45,1,17
94,"Автоматизированное рабочее место для роста углеродных нанотрубок, получения наноразмерного пористого алюминия, Автоматизированная система разработки и тестирования электронных изделий",2012,2013,3700.0,8,3,140,2,17
95,автоматизированный пултрузионный комплекс для изготовления деталей из полимерных композиционных материалов,2012,2014,9080000.0,8,4,62,1,18
96,Двухканальный прибор длядиэлектрического анализаDEA 288 epsilon,2014,2014,1661240.0,1,4,45,1,18
97,Пламенный фотометр ПФА-354 лабораторный ,1985,1985,194855.0,8,4,140,2,18
98,Спектрофотометр,1985,1985,725696.0,8,4,140,2,18
99,Электромеханическая универсальная испытательная машина WDW-10E с компьютерным управлением ,2011,2012,920700.0,1,2,193,1,18
100,Вакуумная установка,2005,2006,182928.0,8,4,140,2,18
101,Многофункциональная лабораторная станция,2012,2013,6900000.0,5,1,1,1,18
102,Станок фрезерный,2013,2013,330000.0,6,1,81,2,18
103,Прибор для изготовления вольфрама,1988,1988,958453.0,6,1,73,2,18
104,Спектрофотометр SpectroFlex 6600 с набором кювета Hellma с крышкой QS 5 мм,2010,2010,338408.0,2,2,143,1,18
105,Станок лазерной резки и гравировки Veno 530,2011,2012,2500000.0,8,4,81,2,18
106,Установка синтеза гидрозолей нанокластеров металлов электроимпульсными разрядами в жидкостях,2012,2012,27500000.0,1,1,45,1,18
107,Установка ЭМ542 для работы с подложками,1983,1984,586915.0,5,2,140,2,18
108,Хроматограф газовый модель GC-2010 Plus,2010,2010,1463.04,1,1,204,2,148
109,Хроматограф жидкостной модель LC-20A Prominence,2010,2010,1744.09,1,1,204,2,148
110,Планетарная мельница FRITSCH PULVERISETTE 5,2010,2010,1151.0,1,1,45,2,148
111,Оптический эмиссионный спектрометр,2011,2011,2540.68,1,1,45,2,148
112,Универсальная испытательная машина Inspekt 50 kNV900W,2011,2011,1749.15,6,1,45,2,148
113,Анализатор фрагментов микроструктуры металлопокрытий и твердых тел,2011,2011,1525.42,2,1,140,2,148
114,Устройство для измерения и анализа параметров топографии поверхности ,2011,2011,1440.68,7,1,31,2,148
115,Сканирующий зондовый микроскоп «ФемтоСкан»,2010,2010,1400.0,3,3,140,2,148
116,Рентгеновский дифрактометр исследовательского типа Еmруrеаn ,2011,2011,25423.7,4,1,122,2,148
117,Установка для нанесения покрытий ННВ-6.6,2012,2013,6768.17,1,1,140,2,148
118,Настольный сканирующий электронный микроскоп Phenom,2011,2012,5441.57,2,1,122,2,148
119,Универсальный твердомер Duravision произ-ва ЕМСО-TEST,2012,2013,2118.64,1,1,2,2,148
120,Оптический спектрофлуориметр с компьютерным управлением FLSP920 Steady State с комплектом дооснащения,2011,2011,7456.61,5,1,31,2,148
121,Комплект доподнительного оборудования для проведения исследований на рентгено-флуоресцентном спектрометре,2010,2010,2611.86,4,1,143,2,148
122,Система для ударных испытаний неполимерных композиционных материалов на ударный изгиб с энергией до 50Дж,2010,2010,2540.0,1,1,143,2,148
123,Автоматизированный монохроматор с двойной дисперсией М899,2011,2011,1423.85,7,1,17,2,148
124,Вибрационный магнитометр EZ11,2013,2013,15908.7,1,1,143,1,148
125,Микроскоп для лабораторных исследований Axio Imager со штативом Z2 Vario.,2011,2011,5611.71,2,1,45,2,148
126,Оптический криостат для микроскопии на замкнутом цикле Гиффорда-МакМагона,2012,2012,2282.73,2,1,143,2,148
127,"Климатическая камера Thermotron. модель SE-300-2-2, тепло-холод-влажностьl",2011,2011,1316.95,6,1,143,2,148
128,Масс-спектрометр Thermo Scientific в комп.с изократич.нососом,2012,2012,6620.34,5,3,143,2,148
129,Газо-хроматографический комплекс Trace 1310 производство компании Thermo Fischer,2013,2013,2534.6,5,3,143,2,148
130,ЭПР-спектрометр ESR 70-03 XD/2,2012,2012,1193.26,5,3,17,2,148
131,Монореактор для микроволнового синтеза Monowave 300,2012,2012,1016.95,1,1,2,2,148
132,Спектрометр электронного парамагнитного резонанса Bruker EMXplus PX-10/12,2011,2011,23471.7,4,1,45,1,148
133,Комплекс NanoEducator-7 по нанотехнологиям научно-образовательный,2010,2010,6300.0,3,1,140,2,148
134,Научно-учебный комплекс на базе электронного микроскопа с системой энергодисперсионного микроанализа,2010,2010,5400.0,2,1,204,2,148
135,Дилатометр горизонтальный DIL 402 C/7/G,2010,2010,5500.0,1,1,143,2,148
136,Система широко-и малоуглового рассеяния рентгеновского излучения,2010,2010,12828.0,1,1,143,2,148
137,"Спектрофотометр \""Lambda 950\""",2010,2010,6097.38,5,1,143,2,148
138,Совмещенный хромато-масс спектрометрический комплекс,2011,2011,11000.0,1,3,69,2,148
139,Спектрометр мультиядерный ЯМР высокого разрешения,2011,2011,16500.0,1,3,204,1,148
140,Газовый хромато-масс-спектрометр Thermo ISQ LT ,2014,2014,6784.45,5,3,143,2,148
141,Монохроматор FHR1000 производства Scientific ,2014,2014,8150.0,5,1,143,2,148
142,Сканирующая система  производства компании Cambridge Tehnology,2014,2014,1173.3,5,1,31,2,148
143,Оборудование для шлифовки и полировки оптических кристаллов,2014,2014,1975.0,8,1,52,2,148
144,Совмещенный акустический и электро-акустический спектрометр DT 1201 Изготовитель фирма DISPERSION TECHNOLOGY.,2010,2011,8112.0,8,3,143,1,19
145,Порошковый рентгеновский дифрактометр ARL XTRA,2010,2011,17190.0,4,3,193,1,19
146,"Полуавтоматический шлифовально-полировальный станок с микропроцессорным управлением, регулируемой скоростью вращения и автоматической дозирующей системой фирмы Struers",2010,2011,1969.58,8,3,52,1,19
147,Прибор синхронного термического анализа STA 449 F3 Jupiter для работы в температурном диапазоне от комн. до 2400 град. Цельсия в режимах ДТА/ДСК/ТГ в различных газовых атмосферах,2011,2011,9741.4,1,3,45,1,19
148,Лазерный дифракционный анализатор размеров частиц SALD-201,2013,2014,1783.49,1,3,204,1,19
149,Установка EOSINT P395 с лазером СО2,2012,2013,39796.0,1,3,193,1,19
150,Ионный имплантер,1992,1992,585.0,6,1,140,1,20
151,Прибор для измерения удельной поверхности ПСХ,2014,2014,196.0,8,4,140,1,20
152,Измерительная система контроля параметров валов TESA Scan 50 C pluse,2012,2012,2673.0,8,4,193,1,20
153,Трибометр TRB-S-EE-0000 CSM Instruments TRB,2013,2013,8300.0,8,4,193,1,20
154,Измерительная система для контроля формы hommel tester form 4004,2012,2012,6001.0,8,4,193,1,20
155,Прибор контроля шероховатости hommel tester t8000-rc120-400 Hommel,2012,2012,4558.0,8,4,193,1,20
156,Вертикальный длинномер micro-hite plus m350 Тesa,2012,2012,249.0,8,4,193,1,20
157,"Комплекс (Калибры, Mahr 426S, Головка измерительная, 4735,  головка бокового действия А14535, головка измерительная 4735,Нутромер микрометрический, Tesa, Микрометр, Tesa,Микроскоп металлографический , ООО \""Этламо\"", Метам РВ-21-2, ХС 092/Вх 712,Пирометр портативный, Optris LT P20, 11035670, Автоматический твердомер 14NCL5039)",2013,2013,1411.77,5,2,45,2,23
158,"Микроскоп с видеосистемой, Werth ScopeCheck 200, 11-00748",2011,2011,13551.3,2,2,31,1,23
159,"Оптическая система измерения,,INSTRON 3D-Iдеформаций                 CSINTH/011",2011,2011,4550.08,5,1,143,1,23
160,"Прибор для измерения износа и толщины покрытия, CSM, CALOWEAR 01-04724",2011,2011,2098.04,5,2,193,1,23
161,"Установка напыления проводящих слоев на непроводящие образцы, SPI Module Sputter,10513",2011,2011,1150.56,7,3,143,1,23
162,"Твердомер универсальный, ZHU 250 topline, 204 414",2011,2011,3253.97,5,2,143,1,23
163,"Спектометр фотоэлектронный , Thermo Fiser Scientific,K-ALPH",2012,2012,59625.7,4,2,143,1,23
164,"Микроскоп металлографический, Olimpus GX71",2012,2012,4179.56,2,2,204,1,23
165,"Профилометр, Taylor Hobson, SURTRONIK 25, ГМС 058734168",2011,2011,1322.19,5,2,143,1,23
166,"Средства измерения прецизионные, Mitutoyo Corporation, 145-186, 500-500-10, 181-947",2011,2011,2442.3,5,2,204,1,23
167,"Микроскоп лазерный фазово-поляризационный для материаловедения, МИМ 320",2012,2012,5000.0,2,2,140,1,23
168,"Нанотвердомер, Nanovea Mechanical Testing",2012,2012,11205.7,5,2,143,1,23
169,"Измерительная высокоточная станция , MarPreset 1500 TMM, 26/7088479",2011,2011,5855.34,7,2,45,1,23
170,"Оптическая головка, PRECITEC",2014,2014,1950.97,5,2,45,1,23
171,"Автоколлиматор электронный, TRIOPTICS, TnAngle TA 500-57",2014,2014,1526.44,5,2,45,1,23
172,"Источник лазерного излучения, IPG, ЛС-2",2014,2014,6617.51,5,2,140,1,23
173,"Комплекс высоковакуумный , ЗАО \""НТ-МДТ\"", NTK-USPM-REELS",2014,2014,14600.0,1,2,140,1,23
174,"Машина координатно-измерительная, Hexagon Metrology",2014,2014,7808.56,7,2,194,1,23
175,"Учебно-образовательный стенд на базе системы ЧПУ, NC 201",2014,2014,7476.0,7,2,32,1,23
176,Высокоразрешающий автоэмиссионный растровый электронный микроскоп JSM-7500FA (JEOL),2010,2010,25455.0,2,1,204,1,158
177,Рентгеновский фотоэлектронный спектрометр JPS-9200 (JEOL),2009,2010,16500.0,1,1,204,1,158
178,"Комплекс аппаратно- программныи? \""ЦВЕТОАНАЛИТИК\"" ",2009,2009,1.0002,7,2,140,1,164
179,Исследовательская лаборатория моделирования вакуумных процессов ,2012,2012,1.14813,6,1,45,1,164
180,Планетарная мельница ,2012,2012,0.82923,8,1,45,1,164
181,Сканирующии? зондовыи? микроскоп ,2012,2012,3.74149,2,2,204,1,164
182,Спектрометрическая лаборатория ,2012,2012,3.32437,1,2,204,1,164
183,Хротома-масс-спектрометр ,2011,2012,5.09135,1,2,204,1,164
184,Растровый электронный микроскоп JCM-5700,2010,2010,7000.0,2,1,140,1,26
185,Зондовая нанолаборатория ,2010,2010,3980.0,3,1,140,1,26
186,Установка магнетронного напыления VSM-,2012,2012,3420.0,8,1,76,1,26
187,Комплект учебных сканирующих микроскопов,2010,2010,2850.0,3,3,140,1,26
188,Установка динамической голографии,2005,2005,1710.0,5,3,140,1,174
189,Установка стационарной и динамической спектрофлуориметрии,2005,2005,3050.0,5,3,140,1,174
190,Установка для измерения спектров фотопроводимости,2005,2005,81.0,5,3,140,1,174
191,Ультразвуковой экспериментальный стенд для изучения процессов адгезии и имунно - ферментных реакций на поверхности биочипов,2005,2005,1380.0,6,3,140,1,174
192,Высоковакуумная установка микроскопического in-situ контроля процессов магнетронного плазменного распыления проводящих нанослоев с субатомарным разрешением ,2005,2005,940.0,8,3,140,1,174
193,Установка для молекулярного нанесения и изучения монослоев п/п органических покрытий и ориентированных структур из фрагментов ДНК в жидкокристаллической фазе на твердых подложках с субмолекулярным разрешением.,2005,2005,2520.0,8,3,140,1,174
194,Лабораторная установка для изучения процессов релаксации фотовозбуждения и токопереноса и процессов денатурации и ренатурации ДНК в тонкой пленке,2005,2005,1730.0,8,3,140,1,174
195,Атомно-абсорбционный спектометр,2003,2003,710.0,5,3,140,1,174
196,Базовый комплект сканирующего мультимикроскопа,1997,1997,240.0,3,3,140,1,174
197,Микроскоп электронный растровый,2003,2003,4100.0,2,3,204,1,174
198,Спектрометр двухканальный оптоволоконный,2007,2007,430.0,5,3,122,1,174
199,Спектрофлуориметр ,2008,2008,450.0,5,3,17,1,174
200,ИК Фурье-спектрометр ,2003,2003,270.0,5,3,140,1,174
201,Вакуумный универсальный пост ,1987,1987,160.0,8,3,140,1,174
202,Прибор для определения размеров и дзета-потенциала частиц Photocor Compact-Z,2013,2013,1650.0,8,3,140,1,174
203,Твердотельный лазер с ламповой накачкой LQ529B,2008,2008,850.0,6,1,17,1,174
204,"Твердотельный лазер с диодной накачкой АТС 53–250, драйвер LDD-10",2006,2006,160.0,6,1,140,1,174
205,Монохроматор МХД-2,1998,1998,160.0,5,1,140,1,174
206,Монохроматор МДР-204,2004,2004,189.0,5,1,140,1,174
207, Установка для нанесения мономолекулярных слоев Ленгмюра-Блоджет,1998,1998,130.0,6,1,140,1,174
208,Спектрофотометр Genesys 10 Vis,2007,2007,151.0,5,2,143,1,174
209,Спектрофотометр T70 UV/Vis,2007,2007,223.5,5,2,31,1,174
210,Монохроматор МДР- 206,2011,2011,198.0,5,2,140,1,174
211,Спектрофлуориметр СМ2203,2006,2006,1100.0,6,3,17,1,174
212,Спектрометр электронного парамагнитного резонанса CMS8400 ,2012,2012,850.0,6,3,17,1,174
213,Облачный центр обработки данных,2013,2013,1350.0,7,4,140,2,174
214,Экспериментальный сегмент программно-конфигурируемой сети,2012,2012,1180.0,7,4,140,2,174
215,"Нанотехнологический комплекс \""УМКА\""(Микроскоп анпегатный РВ-21, Микроскоп инвертированный ЛВ-31, измерительный комплекс зондовой микроскопии)",2006,2006,1295.0,3,1,140,1,179
216,"Фурье-спектрометры инфракрасные ФСМ 1201, ФСМ 1211",2010,2010,1350.0,5,1,140,1,179
217,Спектрометр ФРА-20Р,1981,1981,1000.0,4,1,45,2,179
218,"Учебно-лабораторные комплексы \""Электроники и наноэлектроника\""",2012,2012,1000.0,7,3,140,1,179
219,Установка для микроотравления Veeco 7760,1998,1998,4384.7,6,1,143,1,181
220,Двухпортовый векторный анализатор цепей Agilent E5071C-280 с ,2010,2010,1361.1,5,2,143,1,181
221,Высоковакуумная установка магнетронного осаждения АТС ORION-5,2012,2012,9100.0,6,1,143,2,181
222,"Отношение к категории уникального, высокоточного, измерительного, аналитического, технологи-ческого оборудования, уникального стенда и комплекса",2012,2013,8665.5,2,2,204,2,181
223,Установка высокочастотная ВЧИ11-60/1,1998,1998,1016.0,6,1,140,2,181
224,Микроскоп растровый электронный,2005,2005,3030.0,3,2,140,2,181
225,Настольная установка лазерной безмасковой фотолитографии модель YPG101,2013,2013,5400.0,6,1,45,2,181
226,"Лаборатория сканирующей атомно-силовой микроскопии в составе 4х зондовых сканирующих микроскопов «СММ-2000», 1го атомно-силового микроскопа Aris3300",2013,2013,1030.0,3,2,140,2,181
227,"Лабораторный комплекс по разработке и созданию беспроводных сетей нового поколения в составе осциллографов WaveRunner Xi-A WR 44Xi-A, LeCroy WaveAce WA102, LeCroy WA212, LeCroy WJ324A, программируемого прибора для измерения различных параметров импеданса (RLC-метр) QuadTech 7600 Plus, скалярного анализатора спектра SPECTRAN HF-6080, генераторов сигнала, источников питания, и др.",2010,2010,2020.0,7,1,143,2,181
228,Лаборатория интеллектуальных средств измерений National Instruments,2012,2012,1340.0,7,3,143,2,181
229,"Лаборатория 3D прототипирования в составе установки быстрого изготовления модулей-прототипов Dimension Elite 3D Printer, 3D сканер «ARTEC» модель EVA",2011,2011,2650.0,7,1,143,2,181
230,"Электроизмерительная лаборатория, в составе: USB-модулей сбора данных Keithley KUSB-3108, интерфейсных адаптеров USB-GPIB Keithley KUSB-488B, источников питания, измерителей Keithley 2636A.",2012,2012,1098.0,7,2,204,2,181
231,Высокоскоростная видеокамера Fastec HiSpec 1,2013,2013,1200.0,6,1,45,2,181
232,"Вспомогательный комплекс: Печь вакуумная серии SVF-1200X80, Системы вакуумной откачки BALZERS, EDWARDS, LEROY SOMER, ALCATEL, Установка УМС-ЗКП термокомпрессионной сварки золотой проволоки, фольги и «ПИН» диодов расщепленным электродом, Установка для сверхбыстрого расплава материалов, Шаровая мельница ASI Uni-Ball-Mill-II",2011,2011,2300.0,5,1,31,2,181
233,"Класс переподготовки инженеров электронной промышленности (укомплектованный компьютерный класс с предустановленным программным обеспечением, современной лабораторной мебелью с ESD покрытием, паяльными станциями, осциллографами, генераторами сигнала, паяльными станциями и др.)",2012,2012,1260.0,7,3,140,2,181
234,"Лаборатория дифрактометрии: дифрактометр Kristalloflex Siemens 5000, Текстурный Дифрактометр Philips Analytical Systems со структурным гониометром Huber 4020, Дифрактометры ДРОН 4, ДРОН 6",1998,2014,2620.0,4,2,194,2,181
235,"Спектрометр ферромагнитного резонанса в составе генератора импульсов Hewlett Packard 8015A, генератора частоты Wiltron Model 6100, импедансометра мультичастотного Hewlett Packard 4275A, генератора сигнала Hewlett Packard 8656B",2002,2014,1300.0,1,2,194,1,181
236,Программно-аппаратный комплекс для определения температурных и гравиметрических параметров,2014,2014,2300.0,1,2,204,2,181
237,Установка для получения магнитомягких материалов,2012,2012,1000.0,1,1,194,1,181
238,Аппаратный комплекс для определения рельефа поверхности,2014,2014,2000.0,3,2,140,2,181
239,Аналитический комплекс для геохимических исследований и анализа окружающей среды на базе вакуумного рентгенофлуоресцентного кристалл-дифракционного сканирующего спектрометра,2008,2008,2490.0,7,1,140,1,59
240,Ультра низкофоновый жидкосцинтилляционный спектрометр-радиометр Quantulus 1220,2008,2008,4150.0,1,1,182,1,59
241,"Система автоматической пробоподготовки образцов, содержащих C-14 и Н-3 для анализа на жидкосцинтилляционных счетчиках на базе A307 Sample Oxidiser",2009,2009,5860.0,3,1,143,1,59
242,Масс-спектрометр для анализа соотношения стабильных изотопов легких элементов Nu HORIZON IRMS,2012,2012,1480.0,7,1,31,1,59
243,Аналитический комплекс на базе аппарата рентгеновского для спектрального анализа СПЕКТРОСКАН МАКС-GV,2010,2010,3730.0,4,1,140,1,59
244,Атомно-силовой микроскоп «Smena» фирмы NT-MDT,2002,2002,1870.0,3,1,140,1,59
245,Сканирующий зондовый микроскоп Solver P-47 Pro фирмы NT-MDT,2007,2007,2140.0,3,1,140,1,59
246,Растровый электронный микроскоп EVO-40,2008,2008,10000.0,3,1,45,1,59
247,Универсальный сверхвысоковакуумный электронный спектрометр,2003,2003,1190.0,1,1,140,1,59
248,ЯМР-спектрометр Jeol ECX400А (400 МГц),2007,2007,1380.0,1,1,204,1,59
249,Элементный анализатор Evrovector (Италия) – EA3028,2008,2008,3450.0,4,1,70,1,59
250,Рентгенофлуоресцентный спектрометр Х-Арт М,2008,2008,4050.0,4,1,140,1,59
251,Рентгеноэлектронный спектрометр SM 4201TERLAB,2008,2008,6100.0,4,1,140,1,59
252,Рентгеновский дифрактометр «ДРОН-7»,2008,2008,6100.0,4,1,140,1,59
253,Прибор синхронного термического анализа ТГ-ДТА/ДСК - STA449 F3 Jupiter,2014,2014,3720.0,5,1,45,1,59
254,Дифференциальный сканирующий калориметр SETARAM DSC131 EVO,2014,2014,2190.0,7,1,184,1,59
255,Дифрактометр ренгеновский DSO-2V2,2012,2012,1990.0,4,1,140,1,30
256,Координатно-измерительная\nмашина Contura-2 ф.Karl\nZeiss,2009,2009,2540.0,8,2,45,1,30
257,Электронный микроскоп для\nизучения структуры\nкристаллических материалов ЭМ-100,2000,2000,1044.0,2,2,140,2,30
258,Тепловизор Testo 881-1,2011,2011,1930.0,8,3,70,2,30
259,Установка для тестирования\nповерхностей металлических\nдеталей (динамический\nнаноидентомтер) ДНТ-20/200,2010,2010,2300.0,6,1,140,1,30
260,Наноидентометр\nFischerscope HM2000S,2010,2010,1040.0,8,2,45,1,30
261,Вакуумная камера  UniCoat 400,2010,2010,1450.0,6,1,140,1,30
262,Гелевый течеискатель ТИ1-50,2012,2012,1020.0,6,1,140,1,30
263,3D-ПРИНТЕР (технология 3DP)  Contex ZPrint 310 Design Mate Cx/Mx,2012,2013,1500.0,6,1,143,1,30
264,"Печь индукционная с незамкнутым циклом охлаждения ИСТ-0,06/0,1",2013,2014,1890.0,8,1,140,2,30
265,Спектроскоп ARL Quant’X,2014,2014,3000.0,6,1,143,1,30
266,Вакуумная литейная установка YOSHIDA YJP2 Gapman,2014,2015,1150.0,6,1,204,1,30
267,Рентгеноструктурный анализ ДРОН 3М,2001,2001,5000.0,4,2,140,1,30
268,Растровый электронный микроскоп  TESLA B9-300 ,2003,2004,7000.0,2,2,159,1,30
269,Дериватограф Q1500,2001,2002,2000.0,6,2,140,1,30
270,NanoEducator,2006,2008,2430.0,6,3,140,2,194
271,"САПР фирмы Cadence Design Systems, реализующий полный цикл технологического потока проектирования изделий наноэлектроники ",2015,2015,2821.0,7,1,143,2,31
272,Атомно-силовой микроскоп Smena,2011,2011,1400.0,2,4,140,2,31
273,Печь высокотемпературная трубчатая ПТ-30/1100,2011,2012,3127.0,1,1,140,1,205
274,"\""Комплекс\"" (газоанилизатор, микроскоп, дериватограф Q-1500Д, калориметр ДАК1-1А,  хроматограф газовый мод.3700/4)",2005,2010,1215.2,6,2,140,1,205
275,Калориметр Кальве С-80,2012,2013,5782.2,5,2,184,1,205
276,Спектрометр динамического и статического рассеяния света,2011,2013,1226.0,1,1,140,1,205
277,Термоанализатор,2012,2013,2718.0,2,2,184,1,205
278,Настольный сканирующий электронный микроскоп «Aspex EXplorer»,2013,2014,8459.0,8,1,143,2,208
279,Прибор синхронного термического анализа STA 449 F3 Jupiter,2014,2014,3863.0,8,1,45,2,208
280,Анализатор размера частиц Analysette 22 MicroTec PLUS,2014,2014,2627.0,8,1,45,2,208
281,Комплект электрофизических анализаторов Novocontrol в составе блоков: ALPHA-AN и POT/GAL ± 30 V/2 A,2014,2014,3411.0,8,1,45,2,208
282,Комплект оборудования для проведения \nсинтеза нитевидных нанокристаллов\nоксидов металлов\n,2014,2014,1042.0,8,1,31,1,208
283,"Комплекс оборудования для выращивания полупроводниковых наногетероэпитаксиальных структур с квантовыми точками методом жидкофазной эпитаксии (вакуумный отк.комплекс, установка \""Кристал-3М\"", 2  установки лля выращивания НГЭС с КТ методом ЖФЭ, Установка получения чистого водорода  Хромотек).",2009,2012,1000.0,1,1,178,1,45
284,"Комплекс оборудования контроля свойств наноструктурных материалов (Мультимикроскоп СММ-2000, Установк рентгено-флуорисцентного анализа ElvaxLight, Установка измерения электрофизических свойств полупроводниковых материалов ПИУС-1УМ-К).",2010,2012,1300.0,1,2,178,1,45
285,Комплекс оборудования - набор спектральной аппаратуры на базе двух монохроматоров МДР-41,2011,2011,1200.0,5,2,140,1,45
286,"Комплекс оборудования по дезинтеграции твердых сплавов (Установки микробиологического измельчения твердых сплавов, Установка гидробиомеханического измельчения, Установка гидробиомеханического измельчения,   Установка по микробиологическому дизентегрированию твердых сплавов на основе гидромеханических эффектов, Установки по микробиологическому дезинтегрированию твердых сплавов).",2010,2010,1200.0,1,1,178,1,45
287,Планетарная шаровая мельница PM-100,2010,2010,1000.0,8,1,45,1,48
288,Коллоидная мельница IKA magic LAB,2010,2010,1000.0,8,1,45,1,48
289,Лазерный анализатор размера частиц Lasentec D600L и S400E с системой лазерной видеомикроскопии V819,2011,2011,16500.0,5,1,193,1,48
290,Анализатор размера и заряда частиц DelsaNano,2010,2010,2500.0,5,1,143,1,48
291,Система для измерения краевого угла KRUSS EasyDrop DSA20E,2010,2010,1000.0,8,1,45,1,48
292,Автоматический анализатор удельной поверхности и размеров пор Autosorb-iQ-MP,2010,2010,1900.0,8,1,143,1,48
293,"Камера тепла и холода \""ТВХ-64\""",2011,2011,1000.0,8,1,140,1,48
294,Машина испытательная AGS-50kNX,2014,2014,1000.0,8,1,204,1,48
295,Автоматическая система для определения краевого угла с автоматической системой дозирования DataPhysics OCA 35,2014,2014,2420.0,8,1,45,1,48
296,Оптический микроскоп (х1500),2004,2004,1000.0,2,2,45,2,211
297,Атомно-адсорбционный анализатор ,2000,2001,2000.0,8,2,204,2,211
298,Атомно-силовой микроскоп,2011,2011,3580.0,2,2,140,2,211
299,Рентгенофлуоресцентный спектрометр «Спектроскан»,2009,2011,2000.0,5,2,140,2,211
300,Сканирующий электронный микроскоп,2011,2011,4495.0,2,2,143,2,211
301,Установка плазмохимического синтеза и анализа наноструктур ,2007,2007,8000.0,1,1,140,1,33
302,Электронный\nмикроскоп JEM-\n2100 с\nкомплектом\nоборудования\nдля\nпробоподготовки,2007,2007,58369.0,2,1,204,1,33
303,Генератор БВГ,2008,2008,20000.0,1,1,140,1,33
304,Атомно-эмиссионный\nспектрометр с\nиндуктивно-связанной\nплазмой iCAP 6500,2007,2007,7941.0,2,1,140,1,33
305,"Спектрофотографический\nкомплекс Varian Cary\n100, Cary 5000, Eclipse",2006,2006,6871.0,2,1,1,1,33
306,Система капиллярного\nэлектрофореза КАПЕЛЬ-105,2007,2007,18998.0,6,1,140,1,33
307,Спектрометр атомно-\nабсорбционный,2007,2007,10000.0,2,1,143,1,33
308,Электронный\nмикроскоп JSM-\n7001F с\nкомплектом\nоборудования\nдля\nпробоподготовки,2007,2007,46435.0,2,1,204,1,33
309,"Лазерный\nанализатор\nчастиц \""Микросайзер\""\n201С",2008,2008,1300.0,5,2,140,2,34
310,"Испытательная\nмашина для\nполимерных,\nкомпозиционных\nи волокнистых\nматериалов DBBMTCL-500\nkg",2010,2010,1006.0,7,2,31,1,34
311,Микроскоп Axiovert-40\nMAT,2009,2009,1590.0,2,2,45,1,34
312,"Анализатор\nудельной\nповерхности \""Сорбтометр М\""",2007,2008,1006.0,7,1,140,1,34
313,Прибор\nтермического\nанализа STA 449\nF3\nJupiter,2009,2009,3500.0,5,1,45,1,34
314,Анализатор\nдзета-потенциала\nи размера частиц NICOMP\n380 ZLS,2009,2009,2687.0,5,2,143,1,34
315,DXR Raman микроскоп,2014,2014,9500.0,5,1,143,1,34
316,Рентгенфотоэлектронный спектрофотометр ЭС 2403М-Т,2001,2001,11660.0,4,1,140,1,221
317,Рентгенофлуоресцентный анализатор Спектроскан-Макс-G,2003,2003,1700.0,4,1,140,1,221
318,Лабораторный реактор высокого давления 4592-T-GP-SS-230-XP.25-3000-RTC-4843-TDM,2007,2007,7600.0,6,1,143,2,221
319,Система капиллярного электрофореза Капель-105,2001,2001,3360.0,5,1,140,2,221
320,Анализатор поверхности Beckman Coulter SA-3100,2003,2003,16800.0,7,1,31,1,221
321,ИК-Фурье спектрометр ИнфраЛЮМ ФТ-02,2001,2001,2320.0,5,1,140,2,221
322,Атомно-абсорбционный спектрометр МГА-915,2000,2000,4760.0,7,1,140,2,221
323,Высокочастотный минерализатор Минотавр,2003,2003,1200.0,6,1,140,2,221
324,Хроматографический комплекс Waters 410,2007,2007,3000.0,7,1,140,2,221
325,Жидкостный хроматомасс-спектрометр Applied Biosystems API 2000 LC/MS/MS System,2008,2008,25800.0,7,1,143,1,221
326,Газовый хроматомасс-спектрометр QP 2010S,2009,2009,10000.0,7,1,204,1,221
327,Мультиреакторная система Customized 250ml HPHT Reactor,2010,2010,18000.0,6,1,143,2,221
328,Дифференциальный сканирующий калориметр DSC 204 F1 Phoenix,2011,2011,14000.0,7,1,45,1,221
329,Термогравиметрический анализатор TG 209 F1 Iris,2011,2011,16000.0,7,1,45,1,221
330,Анализатор дзета-потенциала Zetasizer Nano ZS,2012,2012,11000.0,5,1,31,1,221
331,ИК-Фурье спектрометр  IRPrestige-21,2013,2013,6800.0,7,1,204,2,221
332,Автоматический дозатор жидких проб  AOC-20i,2013,2013,1200.0,7,1,204,2,221
333,Автоматический анализатор хемосорбции  AutoChem 2950НР,2013,2013,30800.0,7,1,143,1,221
334,Газoаналитическая система  QMS 403 D Aeolos,2013,2013,14400.0,7,1,45,1,221
335,Программно-аппаратный комплекс для синтеза образцов оксидных соединений,2012,2012,21300.0,7,1,184,1,35
336,Электронно-оптический комплекс для анализа морфологии кристаллов NanoMap-1000WLI,2011,2012,4900.0,2,2,143,1,35
337,Лабораторная микроволновая система MARS 6 в комплекте,2012,2013,1476.5,7,1,143,1,35
338,"Комплект оборудования \""Система для зонной очистки полупроводников\""",2013,2013,2672.7,7,1,140,1,35
339,ИК Фурье спектрометр ALPHA в комплекте,2013,2013,1004.7,2,2,45,1,35
340,Импульсный анализатор температуропроводности XFA 500LT,2013,2013,3662.0,1,1,45,1,35
341,ИК Фурье спектрометр ALPHA в комплекте,2013,2013,1004.7,5,2,45,1,35
342,ИК Фурье спектрометр Vertex 70 в комплекте,2012,2013,1804.7,5,2,45,1,35
343,Печной аппарат,1989,1989,1151.8,7,1,140,1,35
344,Программно-аппаратный комплекс для микроанализа и морфологического анализа поверхности (электронный микроскоп),2010,2010,22000.0,2,2,204,1,35
345,Дифрактометр рентгеновский ДСО-2 для уточнения ориентации монокристаллов,2011,2011,1980.7,4,2,140,1,35
346,"Микроскоп \""Аксиоверт 200 МАТ\""",2006,2006,3791.9,2,2,45,1,35
347,Печь TZF15/610 трубчатая трехзонная в компл.с турбомолекуляр. стендом CDK180+МЗТ,2010,2010,1300.0,7,1,31,1,35
348,"Установка для получения и последующего сжижения азота NL280 (Kelvin IC,США)",2011,2011,3674.0,1,1,143,1,35
349,Модульная ВЖХ-система с изократическим насосом и фотометрическим детектором (хроматограф),2010,2010,1123.4,1,2,45,1,35
350,Система синхрнного термического анализа STA 443 F3 Jupiter (дериватограф),2010,2010,3662.0,1,2,45,1,35
351,Дополнительное оборудование для ИК-Фурье спектрометра,2010,2010,1080.0,2,2,45,1,35
352,"Комплекс для экологического мониторинга воды,почвы и воздуха",2011,2011,4765.0,1,2,143,1,35
353,"Фурье-спектрометр ФСМ 1202 с приставками,микроскопом инфракрасный МИК15, с приспособлениями",2011,2011,1679.0,2,2,140,1,35
354,Программно-аппаратный комплекс для микроанализа и морфологического анализа поверхности и для подготовки кадров по основам нанотехнологий NanoEducator 2,2011,2011,6250.0,2,3,140,1,35
355,Микроскоп РЭМ-104у,1986,1986,1013.0,2,2,140,1,35
356,Рентгеновская установка ВРА-30,1984,1984,1437.0,4,1,140,1,35
357,Микроскоп атомносиловой (сканирующий зондовый ),2002,2002,1294.0,3,2,140,1,35
358,Комплект блоков для сканирующего зондового микроскопа,2003,2003,1692.0,3,2,140,1,35
359,"Микроскоп инфракрасный \""Hyperion 1000\""",2006,2006,2890.0,1,2,45,1,35
360,Комплекс оборудования для исследования супрамолекулярных систем,2010,2010,3262.8,1,2,31,1,35
361,Спектрометр УФ и видимой области спектра Evolution Array,2011,2011,1465.0,2,2,45,1,35
362,Кластерный комплекс,2012,2012,2547.1,7,1,81,1,35
363,Infiniband коммутатор,2012,2012,4626.6,7,1,81,1,35
364,"Установка для кристаллизации (магнетронная распылительная система МП-, вакуумный универсальный пост ВУП-5М)",2004,2004,787.0,6,1,140,1,35
365,Оптико-электронная система для измерения электрофизических свойств поверхностей материалов Solver Next,2014,2014,2970.0,2,2,140,1,35
366,Атомно-силовой микроскоп со склерометрической приставкой NTEGRA prima standart,2011,2012,11450.0,3,2,140,1,222
367,Сканирующий зондовый микроскоп НАНОЭДЮКАТОР II,2011,2012,2500.0,3,3,140,2,222
368,Растровый Электронный микроскоп Model SU-70 FE-SEM,2011,2012,50000.0,5,2,204,1,222
369,"Лабораторный микроскоп «Микромед 3» (работающий в режиме ультрамикроскопа Зигмонди с оптическим увеличением 1600 раз и позволяющий фиксировать частицы ультрамикрогетерогенных систем за счет применения темнопольных конденсоров). Микроскоп позволяет определять: размеры ультрамикрогетерогенных частиц в реальных системах по расчету проекции среднего сдвига, скорость коагуляции в коллоидных системах. Изображение в режиме реального времени выводится на экран ПК при подключении видеоокуляра.",2009,2009,0.0,2,2,140,1,231
370,"Установка по измерению электрофоретической подвижности микрогетерогенных и ультрамикрогетерогенных частиц (лабораторная, собственной конструкции). Позволяет определять электрокинетический потенциал коллоидных частиц, а также устанавливать воздействие на него различных факторов (времени коагуляции, электролитного фона и др.)",2005,2005,0.0,5,1,140,1,231
371,Ротационный вискозиметр.,2002,2002,0.0,8,2,140,2,231
372,"Фотоколориметр, турбидиметр",2002,2002,0.0,8,3,140,2,231
373,Лабораторный флокулятор ,2001,2001,0.0,8,1,140,2,231
374,Лабораторная флотационная колонна ,2001,2001,0.0,8,1,140,2,231
375,Лабораторная установка по определению поверхностного натяжения жидкостей и краевого угла смачивания поверхности,2001,2001,0.0,8,2,140,2,231
376,рН-метр,2005,2005,0.0,8,1,140,2,231
377,Кондуктометр,2005,2005,0.0,8,1,140,2,231
378,Водяной термостат,2005,2005,0.0,8,1,140,2,231
379,Лабораторная высокоскоростная центрифуга,2005,2005,0.0,8,1,140,2,231
380,Лабораторный дезинтегратор для осуществления механохимического синтеза нанореагентов,2001,2001,0.0,8,1,140,2,231
381,Лабораторный генератор ультразвука для получения нанодисперсных систем,2001,2001,0.0,8,1,140,2,231
382,Установка для синтеза углеродных нанопористых материалов,2005,2005,0.0,8,1,140,1,231
383,Спектральный быстродействующий эллипсометрический комплекс «Эллипс-СБ»,2011,2011,1200.0,5,1,140,1,43
384,Атомно-силовой и туннельный сканирующий микроскоп «Solver Next» ,2009,2009,2500.0,3,1,140,1,43
385," Лабораторный комплекс наноскопии (Атомно-силовой и туннельный сканирующий микроскоп СЗМ фемтоСкан Онлайн, Туннельный микроскоп «Умка 02-Е»)",2007,2007,1168.0,3,1,140,1,43
386,"Измерительный комплекс электрофизических параметров (Испытательный комплекс по снятию вольт-амерных характеристик,  Цифровая система измерения удельного и поверхностного сопротивления полупроводниковых материалов Jandel RMS-EL)",2011,2011,1067.0,5,1,140,1,43
387,"Лабораторный комплекс измерения оптических характеристик пленок (УФ- Вид. Cпектрофотометр Lambda 25, Оптический спектрометрический комплекс Ocean Optics)",2010,2010,1005.9,5,1,143,1,43
388,"Программно-аппаратный комплекс, включающий:                                  Растровый низковакуумный\nэлектронный микроскоп JEOL\nJS-6610LV",2012,2012,11000.0,2,2,204,2,241
389,Система энергодисперсионного\nмикроанализа Oxford Instruments\nAzTecEnergy Package,2012,2012,5000.0,2,2,31,2,241
390,Оборудованием для\nпробоподготовки Jeol Auto Fine\nCoater,2012,2012,1000.0,7,2,204,2,241
391,Рентгеновский дифрактометр GBC EMMA,2012,2012,6500.0,4,2,1,2,241
392,Высокотемпературная камера Anton PAAR-HTK-16,2012,2012,1000.0,7,2,2,2,241
393,ИК-Фурье спектрометр Nicolet iS50,2012,2012,5000.0,5,2,143,2,241
394,Защитный колпак-камера AIST-NT,2012,2012,1000.0,3,2,140,2,241
395,Твердотельный лазер Cobolt\nSamba,2012,2012,400.0,5,2,194,2,241
396,Масс-спектрометр LCQ Fleet,2012,2012,6200.0,6,2,143,2,241
397,ИК спектрометр Nicolet iS10,2012,2012,3500.0,5,2,143,2,241
398,"Аппаратно-программный комплекс, включающий:                                                                           Сканирующий зондовый рамановский микроспектрометр AIST-NT OmegaScope",2009,2009,7500.0,1,2,140,1,241
399,Сканирующий зондовый микроскоп AIST-NT SmartSPM,2009,2009,3000.0,3,2,140,2,241
400,Эллипсометр,2013,2013,1170.0,5,2,140,2,241
401,"Аппаратно-программный комплекс, включающий:                                                                                                                                    Установку для получения монослоев методом Ленгмюра-Блоджетта KSV NIMA",2013,2013,1560.0,7,1,182,2,241
402,Установку для синтеза нанотрубок DOMNA,2013,2013,1670.0,7,1,140,2,241
403,Цифровой голографический микроскоп Lyncee tec R2100,2013,2013,9350.0,2,2,193,1,241
404,Устнановку для магнетронного напыления НИИТМ,2013,2013,9550.0,7,1,140,2,241
405,Рентгеновский дифрактометр малоуглового рассеяния Anton Paar SAXSess mc2,2012,2012,16000.0,4,2,2,1,241
406,Установка плазменной очистки и активации поверхности,2014,2014,1670.0,8,1,45,2,241
407,Измеритель частиц Nanotrac Ultra151,2011,2011,1601.0,6,1,143,1,245
408,остной хроматограф LC-20,2013,2013,1309.0,8,4,204,1,245
409,Хроматограф ХРОМАТЭК-Кристалл,2013,2013,1150.0,6,1,140,1,245
410,Вторичный ионный масс-спектрометр IMS-4F,1986,1986,6417.0,2,1,184,1,246
411,Калориметр дифференциальный сканирующий DSC 204/1/G Phoenix,2002,2002,6400.0,5,1,45,1,246
412,Микроскоп электронный сканирующий LEO 430 SEM,1992,1992,8353.0,2,1,45,1,246
413,Спектрометр ИК Фурье IFS-113v,1988,1988,7671.0,2,1,45,1,246
414,Спектрометр Оже PHI-660,1987,1987,3636.0,2,1,143,1,246
415,Установка ионной имплантации с системой RBS анализа K2MV,1989,1989,83110.0,1,1,122,1,246
416,Установка плазмохимического осаждения MINI GOUPYL,1989,1989,4629.0,6,1,184,1,246
417,Микроскоп электронный с комплексом диагностики микро- и наноструктур Supra 40,2008,2008,35739.5,2,1,45,1,246
418,Комплекс измерительного оборудования Oriel I-V,2009,2009,4500.0,5,1,143,1,246
419,Программно-аппаратный комплекс для обеспечения рентгенофазовых исследований ARL Xtra,2009,2009,8617.0,4,1,193,1,246
420,"Класс мультимикроскопов и профилометров CM-2000, 130",2008,2008,7528.0,3,3,140,2,246
421,Двухлучевой электронный микроскоп QUANTA 3D 200i,2011,2011,36266.8,2,1,122,1,246
422,"Устройство ионного утонения Model 1050 TEM Mill, Basic version, 220-240 VAC 50/60 Hz",2012,2012,2687.0,6,1,143,1,246
423,Установка совмещения и экспонирования SUSS MJB4,2012,2012,9039.67,6,1,45,1,246
424,Установка плазмохимического травления и осаждения Plasmalab 100,2011,2011,25520.0,6,1,31,1,246
425,Оптический эмиссионный спектрометр для контроля точки окончания процесса травления Plasma Tecnology PC2000,2012,2012,1843.75,6,1,31,1,246
426,Установка дисковой резки пластин Logitech APD2 с опциями для резки срощенных пластин общей толщиной до 10 мм,2013,2013,4539.21,6,1,31,1,246
427,"Газификатор ГХК-1,5/1,6-10",2013,2013,1690.0,6,4,140,2,246
428,Установка для создания фоторезистивных масок методом спрей-нанесения Sawatec iSpray-300,2013,2014,6232.19,6,1,31,1,246
429,Оптический цифровой микроскоп высокого разрешения Keyence VHX-1000 с функцией 3d профилирования,2013,2014,4520.0,2,1,204,1,246
430,Времяпролетный масс-спектрометр IONTOF SIMS5,2007,2007,57190.2,2,1,45,1,246
431,Электронный микроскоп Tecnai G2 F20\nU-Twin,2010,2010,84967.1,2,1,122,1,246
432,Вакуумный универсальный пост ВУП-5М,2004,2004,731010.0,1,1,178,1,84
433, Источник-измеритель Keithley SourceMeter 2400,2012,2013,370452.0,5,2,143,1,84
434,Источник-измеритель Keithley SourceMeter 6430,2012,2013,567616.0,5,2,143,1,84
435,Системный блок в составе Intel Xeon E5540,2010,2010,480200.0,7,4,167,1,84
436,Источник  питания  GW Instek PSM-6003,2011,2012,40357.0,5,2,201,1,84
437,Источник  питания  GW Instek PSM-6003,2012,2012,42803.0,5,2,81,1,84
438,Многофункциональный спектрометрический комплекс,2011,2011,497000.0,5,2,122,1,84
439,Комплект оборудования для низкотемпературных испытаний ,2012,2012,1992450.0,8,4,143,1,84
440,Вольтметр Agilent 34401A,2007,2007,39100.0,5,2,105,1,84
441,Источник  питания  GW Instek PPE-3323,2007,2007,27800.0,5,2,167,1,84
442,Весы ALC-110d4,2012,2012,43896.0,8,2,143,1,84
443,Измеритель RLC Е7-21,2011,2011,23836.0,5,2,17,1,84
444,Измеритель RLC Е7-20,2012,2012,85200.0,5,2,17,1,84
445,Центрифуга медицинская СМ-50,2007,2007,26000.0,8,1,90,1,84
446,Генератор сигналов специальной формы ГСС 93/1,2007,2007,51894.0,5,2,201,1,84
447,Шкаф сушильный snol 67/350,2010,2010,36822.0,8,4,95,1,84
448,Станция паяльная HAKKO 936,2008,2009,4820.0,8,4,157,1,84
449,Станция паяльная Quick-963 ESD Lead Free,2009,2009,3689.0,8,4,81,1,84
450,Осциллограф цифровой TDS-2012C,2011,2011,53340.0,5,2,143,1,84
451,Осциллограф цифровой GDS-820C,2010,2010,43758.0,5,2,167,1,84
452,Источник питания Б5-71/4 ,2004,2004,29343.0,5,2,140,1,84
453,Источник питания Б5-47 ,2004,2004,14242.0,5,2,140,1,84
454,Источник питания АТН-1533,2006,2006,13528.0,5,2,81,1,84
455,Измеритель влажности GENTER-311,2009,2009,5583.0,8,2,167,1,84
456,Измеритель температуры DT-8891,2011,2011,4463.0,8,2,81,1,84
457,Источник питания MPS-3005D,2011,2011,5580.0,5,2,81,1,84
458,Мультиметр APPA 109N,2013,2013,8415.0,5,2,167,1,84
459,Мультиметр APPA 107N,2011,2011,6048.0,5,2,167,1,84
460,Аквадистиллятор АД-5,2011,2011,11000.0,8,4,140,1,84
461,Осциллограф Tectronix DPO3032,2013,2014,72033.9,5,2,81,1,84
462,Осциллограф Актаком АСК-6209,2013,2014,50508.5,5,2,81,1,84
463,Логический анализатор АКИП-9102,2013,2014,33474.6,7,2,167,1,84
464,Мультимикроскоп СМ-2000-15Е  ,2002,2002,1000000.0,3,2,140,1,84
465,Мультимикроскоп СМ-2000-15Е  ,2002,2002,1000000.0,3,2,140,1,84
466,Мультимикроскоп СМ-2000-15Е  ,2002,2002,1000000.0,3,2,140,1,84
467,Измеритель иммитанса Instek LCR-78105G,2013,2014,500000.0,5,2,167,1,84
468,Принтер трехмерный 3D Cubex Duo,2013,2014,355932.0,8,4,81,1,84
469,Сканер лазерный 3D Roland LPX-60DS,2013,2014,338983.0,8,4,204,1,84
470,Фрезеровальная машина с ЧПУ Roland MDX-40A,2013,2014,254237.0,8,4,204,1,84
471,Токарный станок с ЧПУ Quantum D210X400 Vario,2013,2014,201695.0,8,4,81,1,84
472,Лазерная гравировальная машина GCC LaserPro Spirit GX/GLS 30 Вт,2013,2014,847458.0,8,4,204,1,84
473,Каттер Roland Camm 1 Pro GX-640,2013,2014,169492.0,8,4,204,1,84
474,Плоттер Epson SureColor SC-S30610,2013,2014,593220.0,8,4,81,1,84
475,Мультиметр APPA207,2013,2014,11864.0,5,2,167,1,84
476,Видеоконференцсвязь Polycom(7200-63530-114) RealPresence Group 300-720p.,2013,2014,148305.0,8,4,81,1,84
477,Система для измерения характеристик полупроводниковых материалов и приборов 4200-SCS «Keithley» ,2009,2009,1200.0,5,2,143,1,99
478,Универсальный СЗМ комплекс Интегра Прима «ЗАО НТМДТ»,2008,2008,5656.7,3,2,140,1,99
479,Спектрометр универсальный рентгеновский СУР-01 «Реном» ,2008,2008,1997.8,4,2,140,1,99
480,"Система электронно-лучевого и термического испарения BAK 501, «Evatec ltd»",2008,2008,11359.3,6,1,193,1,99
481,"Тестер фотоэлектрических преобразователей SТ-1000 , «Телеком- СТВ»",2008,2008,1862.0,5,2,140,1,99
482,Цифровой аналитический  металлографический комплекс ,2012,2012,2100.0,2,2,45,1,99
483,Микроскоп электронный просвечивающий ЭМ-125К,1993,1993,3516.54,2,2,178,2,99
484,Микроскоп электронный просвечивающий ЭМВ-100БР,1993,1993,1010.36,2,2,178,2,99
485,Микроскоп электронный просвечивающий ПРЭМ-200,1992,1992,1195.6,2,2,178,2,99
486,"Комплекс на основе высоковакуумного оборудования (Установка импульсно-фотонного отжига УОЛП-1М, Сверхвысоковакуумная установка УСУ-4, Вакуумные универсальные посты ВУП-4М и ВУП-5, Шкаф сушильный вакуумный ШСВ 5.5.6/2,5)",1994,1994,1754.94,1,1,140,1,99
487,Сканирующий зондовый микроскоп Solver P47,1995,1995,2597.76,2,2,140,2,99
488,Электронный растровый микроскоп BS-300,1992,1992,1250.93,2,2,191,2,99
489,Установка вакуумного напыления 01МЭ – 7 – 004 «Оратория 9» ,1995,1995,1694.68,6,1,140,2,99
490,"Комплекс анализа структуры веществ (Рентгеновский дифрактометр ДРОН 4-07, Электронограф ЭГ-100М)",1995,1995,1096.89,4,2,140,2,99
491,"Программно-аппаратный модуль «Гидравлика», «Тепло», «Прочность»в составе:- Вычислительный кластер FORSITE -1 шт.- Графическая станция ARTIST – 3 шт.- ПО ANSYS",2012,2012,17000.0,1,2,140,1,99
492,"Комплекс специализированных гидрогазодинамических исследований (экспериментально-измерительный комплекс, специализированный комплекс гидрогазодинамических исследований)",2012,2012,1250.0,7,1,140,2,99
493,"Лаборатория неразрушающего магнитно-порошкового контроля (в составе: магнитопорошковый дефектоскоп Universal 450, установка магнитопорошкового контроля звеньевых грузовых цепей Hellmag 3000)",2011,2011,2500.0,1,3,45,1,99
494,"Лаборатория сварки плавлением (сварочные аппараты австрийской фирмы Fronius, роботизированный комплекс Func Arc Mate 0iA)",2013,2013,2200.0,1,3,1,1,99
495,Установка для финишного плазменного упрочнения УФПУ-111,2011,2011,3531.74,6,1,140,1,99
496,Установка для финишного плазменного упрочнения УФПУ-114,2011,2011,3280.4,6,1,140,1,99
497,Лабораторный технологический комплекс получения прекурсоров Dornier\n0126Т\n,2011,2011,20600.0,6,1,140,1,99
498,Опытный технологический комплекс пропитки COS.T.A. I 190 102,2011,2011,46500.0,6,1,70,1,99
499,Лабораторный комплекс по определению ключевых характеристик препрегов и ПКМ на их основе,2012,2012,71100.0,6,1,140,1,99
500,Испытательный лабораторный комплекс по получению новых и модифицированных композиционных материалов,2012,2012,23347.0,6,1,140,1,99
501,"Комплекс (СВЧ релаксометр MWR-SIM , «Телеком- СТВ», Измеритель удельного электросопротивления TRM-0,1/100i, Измеритель удельного электросопротивления TRM-0,1/100i)",2009,2009,1240.83,5,2,140,1,99
502,"Комплекс электрофизических измерений (Измеритель RLC-параметров GW LCR-78101G, Автоматизированное зарядно-разрядное устройство АЗР-150А-5В-Э, Наносклерометрический модуль для СЗМ комплекса Интегра Прима «ЗАО НТМДТ»)",2012,2012,1052.0,5,2,140,1,99
503,"Измерительно-калибровочная система для установки напыления металлов ВАК 501 «Evatec», RLA-Tencor Alpha-Step 200",2011,2011,2180.0,3,2,143,1,99
504,Комплекс аппаратно-программный на базе хромотографа газового,2015,2015,1000.0,8,3,140,2,3
505,Испытательный пресс ИП-500М,2011,2011,1000.0,8,2,140,2,3
506,Многоцелевая\nисследовательская\nлаборатория зондовой и\nлазерной конфокальной\nмикроскопии Ntegra Spectra.,2010,2011,15552.0,3,2,140,1,117
507,Автоматизированный многофункциональный комплекс для магнетронного нанесения покрытий ВАТТ АМК-МИ»,2011,2012,9656.5,6,1,140,1,117
508, Рентгеновск. порошков. дифрактометр «Empyrean series 2». PANanalytical ,2012,2012,10989.8,4,2,122,1,117
509,Криогенная  установка для получения жидкого азота производительностью 40 л/сутки с накопителем 160 л «Cryomech LNP 40».,2010,2011,2800.0,5,1,143,1,117
510,Вакуумная многоколпачная установка для синтеза и исследования пленок с криогенной откачкой и многоканальной системой напуска газа.,2013,2014,3339.22,6,1,140,1,117
511,Настольный растровый электронный микроскоп-анализптор ASPEX Express,2012,2012,5075.0,2,2,143,1,117
512,"Спектрометрический комплекс на базе монохроматора МДР-41 для исследования люминесценции и пропускания 0,2-25,8 мкм с оптическим азотно-проточным криостатом",2012,2013,1800.0,5,2,140,1,117
513,Энергодисперсионный рентгенофлуорисцентный спектрометр EDX-800HS,2007,2008,3450.5,4,2,204,1,117
514,планетарная шаровая мельница РМ 100,2013,2013,6150.0,6,1,140,1,117
515,Гидравлический пресс «ОМА 665-666» (WERTHER INTERNATION),2013,2013,322.0,6,1,70,1,117
516,Камерная программируемая печьLF-1514,2012,2013,283.2,6,1,45,1,117
517,Турбомолекулярный откачной пост 75D (EXT75DX/NW40/XDD1/200-230V),2013,2013,747.5,6,1,31,1,117
518,Бидистиллятор GFL 21042104,2011,2012,229.0,6,1,45,1,117
519,Модернизированный микроинтерферометр  с возможн. компьютерной обработки в интерактивном режиме. МИИ-4М + МОВ-1-16,2012,2013,209.9,6,1,140,1,117
520,Система капиллярного электрофореза «Капель 103 РТ»,2011,2012,985.0,6,1,140,1,117
521,Генератор водорода Н2-CARRIER-500-EU LNI SCHMIDLIN SA,2011,2012,528.5,6,1,194,1,117
522,"Оптоволоконный спектрометр AvaSpec-ULS2048x64-USB2 в комплекте для рефлектометрических, абсорбционных, абсолютных радиометрических и интерференционных  измерений",2011,2012,5650.0,5,2,122,1,117
523,Двулучевой сканирующий спектрофотометр SPECORD 210 Plus BU (Analitic Jena AG),2011,2012,5726.0,5,2,45,1,117
524, Установка для определения термодиффузии и температуропроводности методом лазерной вспышки NETZCH LFA 457,2009,2011,8500.0,6,2,45,1,117
525,Дифференциальный сканирующий калориметр DSC 204 F1 NETZCH ,2007,2008,2400.0,6,2,45,1,117
526,Прибор синхронного термического анализа NETZCH SNF 449 F3 JUPITER,2013,2014,3150.0,6,2,45,1,117
527,Микроволновая система минерализации проб под давлением  TOPWare IV (Analitic Jena),2012,2012,1758.0,6,2,45,1,117
528,Атомно-абсорбционный спектрометр Сontr AA700 (Analitic Jena) ,2011,2011,3544.5,6,2,45,1,117
529,Лабораторная система экстракции в составе SFE 1000M1-2-FMC-50 (Waters),2012,2012,7122.13,6,1,143,1,117
530,Газовый хроматограф с масс-спектроскопическим детектором 7820,2012,2012,2307.89,6,2,143,1,117
531,Спектрофотометр UV-3600 c интегрирующей сферой LISR-3100,2011,2012,2600.0,6,2,204,1,117
532,Высокоэффективный жидкостной хроматограф 1220 Infinity.,2011,2012,1800.0,6,2,143,1,117
533,Программно-аппаратный комплекс оптической микроскопии Мекос-7Ц.,2009,2010,520.0,6,2,140,1,117
534,Спектрофотометр ПромЭкоЛаб ПА-3000УФ,2014,2014,647.678,6,2,81,1,117
535,Анализатор ртути PA-915M.,2014,2014,975.1,6,2,140,1,117
536,Система капиллярного электрофореза «Капель 105 РТ»,2014,2014,985.05,6,2,140,1,117
537,Вакуумная установка атомно-слоевого осаждения тонких пленок ML-1000.,2014,2014,9751.0,6,1,143,1,117
538,Спектрофлуориметр F-700.,2014,2014,2685.37,6,2,204,1,117
539,Многофункциональный\nэкспериментальный\nлазерно-спектрометрический\nкомплекс.,2012,2013,8218.0,6,2,140,1,117
540,Экспериментальный\nлазерный\nспектрофлуориметр,2011,2012,5380.0,6,2,140,1,117
541,Многоцелевой\nэкспериментальный\nмасс-спектрометрический\nкомплекс ЭМК.,2012,2013,8760.0,6,2,178,1,117
542,ИК-Фурье спектрометр\nИнфраЛЮМ ФТ-02 .,2007,2008,680.0,6,2,140,1,117
543,Высокоэффективный\nжидкостной хроматограф в\nкомплекте со\nспектрофлуориметром\nЛЮМАХРОМ.,2007,2008,625.0,6,2,140,1,117
544,Спектрометрический\nкомплекс МДР-41 в\nкомплексе с азотным\nпроточным криостатом\nOptCryo198,2011,2012,1420.0,6,2,140,1,117
545,Ультрацентрифуга OPTIMA\nL-90K CE,2012,2013,5505.25,6,1,143,1,117
546,Спектрофотометр Du730 в\nкомплекте с термоячейкой.,2012,2013,1160.0,6,2,143,1,117
547,Фурье спектрометр Nicolet\n6700 с расширенным\nспектральным диапазоном до\n50 см-1,2012,2013,3332.0,6,2,143,1,117
548,Газовый\nхроматомасс-спектрометр\n7820 Маэстро,2012,2013,2307.9,6,2,143,1,117
549,Рентгено-флуоресцентный\nанализатор Delta Premium\nExplorer,2012,2013,1887.0,4,2,204,1,117
550,Фотобиореактор Applikon\nBiotechnology 3L.,2012,2013,2090.0,6,1,122,1,117
551,Система для диафрагменного\nэлектролиза водных\nрастворов РАСКАТ 1000-0500.,2012,2013,1187.5,6,2,140,1,117
552,Спектрометрический\nкомплекс c\nвысокоскоростным фото- и\nвидеодетектированием с\nодновременным\nразрешением по спектру и\nпо времени SP 2356/PI-MAX3.,2012,2013,3500.0,6,2,143,1,117
553,Лазерный комплекс для\nгенерации импульсов\nширокополосного лазерного\nизлучения LP603/LQ529.,2012,2013,2000.0,6,2,17,1,117
554,Перчаточный бокс с\nуправляемой атмосферой в\nкомплекте с датчиком\nкислорода 800-ОА .,2013,2014,694.8,6,1,143,1,117
555,3-D сканирующий лазерный\nконфокальный микроскоп\nИнтегра Спектра Раман.,2013,2013,5500.0,3,2,140,1,117
556,Спектрометрический\nкомплекс комбинационного\nрассеяния DXR Smart Raman\nResearch.,2013,2014,5655.2,6,2,143,1,117
557,Атомно-абсорбционный\nспектрометр МГА-915МД.,2013,2014,1432.7,6,2,140,1,117
558,"Спектрометр-радиометр\nгамма-, бета- и\nальфа-излучения МКГБ-01\n\""РАДЭК\"".",2013,2014,850.0,6,2,140,1,117
559,Спектрометрический\nкомплекс на основе\nмонохроматора МДР-41.,2013,2014,726.48,6,2,140,1,117
560,Флуориметрический\nанализатор жидкости\nФлюорат-02-3М.,2013,2014,450.0,6,2,140,1,117
561,"Спектрометрический\nкомплекс для измерений\nальфа- и бета-излучений\nМКС-01А \""МУЛЬТИРАД\"".",2013,2014,200.575,6,2,140,1,117
562,Учебно-исследовательская\nлаборатория по аквакультуре.,2013,2014,4789.2,6,3,140,1,117
563,ПЦР-лаборатория.,2011,2012,2760.0,6,3,140,1,117
564,Учебно-научная лаборатория\nклеточной инженерии.,2012,2013,2200.0,6,3,140,1,117
565,Учебно-научная лаборатория\nпо общей биологии.,2012,2013,1140.0,6,3,140,1,117
566,"Учебно-демонстрационные\nстенды по\nэнергоэффективности и\nэнергосбережению \""Три «Э\"":\nЭнергия, Эффективность,\nЭкология\"".",2012,2013,2949.58,8,3,140,1,117
567,Учебно-научная лаборатория\nпо возобновляемым\nисточникам энергии.,2013,2013,2062.0,8,3,140,1,117
568,Учебно-научный\nлабораторный комплекс по\nинформатике и\nинформационным\nтехнологиям.,2012,2013,1765.14,7,3,140,1,117
569,Учебный лабораторный\nкомплекс по\nкриминалистике.,2012,2013,1890.89,8,3,140,1,117
570,Учебно-научная лаборатория\nпо экологической химии.,2011,2011,321.5,8,3,140,1,117
571,Учебно-научный\nлабораторный комплекс по\nфизхимии и биохимии.,2014,2014,550.0,6,3,45,1,117
572,Учебно-научный\nлабораторный комплекс по\nфизическому практикуму.,2014,2014,951.59,8,3,140,1,117
573,Учебно-научный\nлабораторный комплекс по\nисследованию свойств\nматериалов.,2014,2014,882.75,8,3,166,1,117
574,Мультимедийный и\nинтерактивный комплекс.,2014,2014,863.724,8,4,140,1,117
580,"К-т оборудов. Для лабор-й физики, химии и биологии профил.вузов в обл. нанотехнол",2008,2008,2611.0,3,1,140,2,51
581,Сканирующий зондовый микроскоп Solver Pro,2005,2005,3402.0,3,1,140,2,51
582,Установка синтеза углеродных нанотрубок CVDomna,2008,2008,1000.0,6,1,140,2,51
583,"Комплекс аппаратно-программный для химических исследований на базе хроматографа \""Хроматэк-Кристалл 5000\""",2012,2012,1300.0,7,1,140,2,51
584,Фурье-спектрометр инфракрасный ФСМ1202,2008,2008,1296.0,6,1,140,2,51
585,Рентгеновский дифрактометр Thermo ARL X’TRA\n(фирма производитель: Thermo Fisher Scientifics)\n,2007,2007,12500.0,4,1,193,1,6
586,ИК-Фурье спектрометр Vertex 70\n(фирма производитель: Bruker Optik GmbH)\n,2006,2006,4600.0,5,1,45,1,6
587,ИК-Фурье спектрометр MPA\n(фирма производитель: Bruker Optik GmbH)\n,2006,2006,3100.0,5,1,45,1,6
588,Спектрофотометр Lambda 650 с Модулем URA\n(фирма производитель: Perkin Elmer)\n,2006,2006,1350.0,5,1,143,1,6
589,Электронный микроскоп JSM-6380LV\n(фирма производитель: JEOL Ltd.)\n,2004,2004,4800.0,2,1,204,1,6
590,Электронный микроскоп JSM-6510LV\n(фирма производитель: JEOL Ltd.)\n,2009,2009,11200.0,2,1,204,1,6
591,Система микроанализа INCA Energy 250\n(фирма производитель: Oxford Instruments)\n,2005,2005,2700.0,8,1,31,1,6
592,Оже электронный спектрометр DESA-100\n(фирма производитель: Staib Instrument)\n,2007,2007,1500.0,8,1,45,1,6
593,Атомно-силовой микроскоп SOLVER P47\n(фирма производитель: NT-MDT)\n,2006,2006,2100.0,3,1,140,1,6
594,Спектрометр универсальный рентгеновский СУР «Реном»-01\n(фирма производитель: ЗАО НТЦ «Экспертцентр»)\n,2006,2006,2600.0,4,1,140,1,6
595,Установка ядерной гамма спектроскопии SМ 1101\n(фирма производитель: Институт аналитического приборостроения РАН)\n,2008,2008,1000.0,8,1,140,1,6
596,Многофункциональный калибратор Fluke 5520 A\n(фирма производитель: Fluke)\n,2010,2010,1300.0,5,1,143,1,6
597,Просвечивающий электронный микроскоп Libra 120\n(фирма производитель: Carl Zeiss)\n,2012,2012,29600.0,2,1,45,1,6
598,Рентгеновский дифрактометр Empyrean B.V.\n(фирма производитель: PANalytica)\n,2013,2013,10500.0,4,1,122,1,6
599,Волновой рентгенофлуоресцентный спектрометр S8 Tiger\n(фирма производитель: Bruker)\n,2013,2013,9400.0,4,1,45,1,6
600,Комплект спектрометра атомно-абсорбционного КВАНТ-Z.ЭТА-1\n(фирма производитель: ООО «Кортэк»)\n,2012,2012,1000.0,8,1,140,1,6
601,Комплекс-ВЭЖХ системы с время-пролетным масс-спектрометром Agilent 6230\n(фирма производитель: Agilent Technologies)\n,2013,2013,12300.0,8,1,143,1,6
602,Система для высокопроизводительного секвенирования ДНК в комплекте Ion Personal Genome Mashine\n(фирма производитель: Ion Torren)\n,2013,2013,5100.0,8,1,143,1,6
603,Прибор для проведения ПЦР в реальном времени Chromo 4\n(фирма производитель: BioRad)\n,2006,2006,1300.0,8,1,143,1,6
604,"Установка для испытания материалов в условиях вакуума и ультрафиолетового излучения\n(фирма производитель: ООО «Вакуумные системы иэлектроника», Anest Iwata)\n",2014,2014,2500.0,1,1,204,1,6
605,"Аппаратно-программный комплекс для производства наночастиц на основе липосом\n(фирма производитель: Nikon, Thermo Scientific, Polygen, EMDMillipore)\n",2014,2014,20800.0,7,1,204,1,6
606,Станция вестерн-блоттинга Amersham Imager 600\n(фирма производитель: GE Healthcare)\n,2014,2014,1400.0,8,1,143,1,6
607,Газовый хроматограф Agilent 7890B/5977A\n(фирма производитель: Agilent Technologies)\n,2013,2013,1200.0,8,1,143,1,6
608,Система энергодисперсионного анализа X-flash\n(фирма производитель: ) Bruker\n,2009,2009,1900.0,8,1,45,1,6
609,Установка для нанесения ультратонких слоев Плазма 50-СЭ,2007,2007,1950.0,8,1,140,1,6
628,Сканирующий электронный микроскоп Quanta200,2005,2005,9885.0,2,1,122,1,243
629,Энергодисперсионный рентгенофлуоресцентный спектрометр ARL QUANT’X,2010,2011,4432.0,4,1,143,1,243
630,Газовый хромато-масс-спектрометр Agilent 7890A с масс-селективным квадрупольным детектором MSD 5975С,2010,2011,3999.0,4,1,143,1,243
631,ИК-Фурье спектрометр \nVarian 640\n,2010,2011,2869.0,5,1,143,1,243
632,Порошковый рентгеновский дифрактометр ARL X’TRA,2012,2012,16351.0,4,1,193,1,243
633,Жидкостной хроматограф Agilent  мод. 1260 Infinity LC с диодно-матричным детектором,2014,2015,3500.0,1,1,143,1,243
634,Нанотвердомер,2009,2009,20340.0,8,2,31,2,120
635,Оптико-эмиссионный анализатор Quantron Magellan Q8,2009,2009,4562.0,8,2,45,2,120
636,Дисковая центрифуга CPS Disk Centrifuge DC24000,2008,2008,4000.0,8,2,122,2,120
637,Сканирующий туннельный микроскоп Phywe,2009,2009,3000.0,3,2,45,2,120
638,Комплект сканирующих зондовых микроскопов NanoEducator,2008,2008,2430.0,3,3,140,2,120
639,Машина трения Tribotester Т-11,2005,2005,954.0,8,1,136,2,120
640,Сканирующий нанотвердомер Наноскан,2008,2008,830.0,8,2,140,2,120
641,Ультразвуковой диспергатор УЗД-22/44,2012,2012,226.0,6,2,178,2,120
642,Растровый электронный микроскоп с полевой эмиссией Quanta 650 FEG,2011,2012,6927.48,2,2,122,1,15
643,Сканирующий зондовый микроскоп Solver Next,2012,2012,2946.73,3,2,140,1,15
644,Система рентгеновского микроанализа EDAX,2013,2013,1500.0,4,2,143,1,15
645,"Лабораторный комплекс для получения и идентификации органических веществ, микро- и нанокопсулированных формацевтических композиций",2012,2012,1503.92,6,2,204,1,15
646,"Комплект оборудования для имитационного моделирования наноматериалов (два сервера Dell PowerEdge R710, cистема хранения данных Dell PowerVault MD3220i, два источника бесперебойного питания Dell 3U, два коммутатора Dell PowerConnect 5524 и один 5548, комплектующие для сборки)",2011,2012,1732.91,7,1,143,2,15
647,СHNS/O анализатор Thermo Flash 2000,2012,2013,2999.9,1,2,193,1,191
648,Масс-спектрометр индуктивно-связанной плазмы XSeriesII ICP-MS,2011,2012,8600.0,1,2,143,1,191
649,Атомно-абсорбционный спектрометр с электротермической атомизацией Квант-Z.ЭТА,2009,2010,1000.0,1,2,140,1,191
650,Атомно-абсорбционный спектрометр с пламенной атомизацией Квант-2А,2011,2012,1045.0,1,2,140,1,191
651,Сканирующий электронный микроскоп JEOL 1610LV с энергодисперсион-ным спектрометром для электронно-зондового микроанализа SSD X-Max Inca Energy,2010,2011,11690.0,2,2,204,1,191
652,Лазерный измеритель размера частиц c внешним зондом Nanotrac Ultra 253,2011,2012,2000.0,1,2,143,1,191
653,Автоматический анализатор удельной поверхности и пористости Gemini VII 2390t,2010,2011,1720.0,1,2,143,1,191
654,Автоматический анализатор удельной поверхности и пористости ASAP 2020MP,2010,2011,3585.0,1,2,143,1,191
655,ИК-Фурье спектрометр с приставкой НПВО и дополнительным оборудованием Nicolet 380 ,2009,2010,2554.71,1,2,143,1,191
656,Сканирующий спектрофлуориметр (с набором флуоресцентных стандартов) Cary Eclipse,2008,2008,1600.0,6,2,1,1,191
657,Двухлучевой сканирующий спектрометр УФ-ВИД диапазона GBC Cintra 303 ,2009,2010,640.3,1,2,1,1,191
658,Двухканальный газовый хроматограф Trace 1310 с ПИД детектором,2012,2012,1500.0,1,2,31,1,191
659,Хроматограф газовый ХроматэкКристалл-5000.2,2002,2003,528.0,1,2,140,1,191
660,Хромато-масс-спектрометр Хроматек-Кристалл DSQ-E170,2006,2007,242.443,1,2,140,1,191
661,Автоматический гелиевый пикнометр AccuPyc 1340,2010,2011,780.0,1,2,143,1,191
662,Автоматический измеритель плотности жидкостей DDM 2910,2009,2010,551.95,1,2,143,1,191
663,Автоматический рефрактометр Rudolph Research J357,2010,2010,499.0,1,2,143,1,191
664,Вискозиметр Брукфильда ротационный LVDV-II-Pro,2011,2012,496.1,1,2,143,1,191
665,Прибор для измерения краевого угла смачивания DSA 20E,2011,2012,831.087,1,2,45,1,191
666,Анализатор размера частиц Zetasizer Nano ZS ,2011,2011,3150.0,5,2,31,1,191
667,Сканирующий зондовый микроскоп Solver P47 Pro,1999,2002,100000.0,3,1,140,2,203
668,Дериватограф Q-1500D,2000,2002,150000.0,4,3,32,2,203
669,ИК-Фурье спектрофотометр Shimadzu FTIR-8400,2000,2002,110000.0,2,3,204,2,203
670,Спектрофотометр SPECORD M40 с фотометрическим шаром,1999,2002,190000.0,2,3,45,2,203
671,Жидкостный хроматограф Shimadzu HPLC-10AVP ,1998,2002,111000.0,7,1,204,2,203
672,"Газовый хроматограф 6890N, фирма «Agilent Technologies» (США)",2002,2002,3904.99,7,2,143,1,24
673,"Жидкостной хроматограф, фирма GBC (Австралия)",2002,2002,1878.24,8,4,1,1,24
674,Оборудование для синтеза и исследования наночастиц,2013,2013,1000.0,1,1,140,2,196
675,Технологический комплекс,2013,2013,1844.0,1,1,140,2,196
676,Измерительный комплекс,2013,2013,1000.0,1,2,140,2,196
698,Шлифовально-полировальная система для подготовки металлографических образцов с принадлежностями,2010,2011,1000.0,8,4,205,1,1
699,Автоматизированный микротвердомер (по Викерсу кнуппу) с принадлежностями,2010,2010,1204.0,8,3,205,1,1
700,Система получения 3D профиля поверхности безконтатктным способом,2010,2011,3976.0,7,2,205,1,1
701,Микроскоп материаловедческий инвертированный AxioObserverZ1m,2010,2011,4136.0,2,1,205,1,1
702,Электромеханическая измерительная система для проведения статических испытаний разнообразных материалов при нагрузках до 10кН (Instron 8801),2010,2011,4798.0,7,2,205,1,1
703,Вертикальный обрабатывающий центр с числовым программным управлением в комплекте,2010,2011,5774.0,7,4,205,1,1
704,"Сверхвысокочастотный индукционный нагреватель, Электропечь камерная",2011,2011,1000.0,8,4,205,2,1
705,Комплекс грануляционного оборудования,2011,2011,1000.0,6,1,205,1,1
706,Инфракрасная\nтепловизионная система\n(ИК - камера)\nИнфракрасная\nтепловизионная система\n(ИК - камера)\n,2011,2011,2000.0,8,4,205,2,1
707,Оборудование для ЗD -\nпрототипирования Contex\nZPrinter 650 Z6505\nОборудование для ЗD -\nпрототипирования Contex\nZPrinter 650 Z6505\n,2011,2011,3700.0,7,2,205,1,1
708,Оборудование для сертифицированной лаборатории охраны труда и инженерной экологии и испытательного центра пищевых продуктов и сырья,2011,2011,1000.0,6,3,205,1,1
709,Установка магнетронного напыления тонких пленок на образцы в вакууме,2011,2011,5802.0,6,1,205,1,1
710,"Комплекс оборудования для определения водопоглотительной способности, реологических свойств, свойств клейстеризации и активности ферментов муки и теста",2012,2012,3030.0,6,2,205,1,1
711,Акустико - эмиссионный комплекс для проведения неразрушающего контроля,2012,2012,1721.0,7,2,205,1,1
712,Измерительная станция для анализа микронеровностей поверхности,2012,2012,1267.0,8,3,205,2,1
713,Портативный рентгено - флуоресцентный\nанализатор химического состава\nПортативный рентгено - флуоресцентный\nанализатор химического состава\n,2012,2012,1980.0,1,3,205,1,1
714," Средства измерений (ультразвуковой дефектоскоп, дозиметр, денситометр, негатоскоп, жидкостный хроматограф с флуориметрическим детектером)",2012,2012,1138.0,8,2,205,1,1
715,Cканирующий зондовый микроскоп FemtoScan,2009,2010,1177.0,3,2,140,1,1
716,Универсальная испытательная машина Instron 3363,2009,2009,1500.0,7,2,205,1,1
717,Газохроматографический комплекс,2009,2010,1254.0,1,2,143,1,1
718,Оптический металлографический микроскоп ZEISS,2011,2012,2700.0,2,2,205,1,1
719,Испытательная машина 3382 INSTRON,2009,2009,2303.5,7,2,143,1,137
720,Установка для определения усталостных характеристик материалов,2010,2010,2000.0,7,2,140,1,137
721,Микротвердомер НМV-2,2011,2011,1505.0,7,2,204,1,137
722,Дилатометр DIL 402 PC,2009,2009,0.0,1,2,45,1,137
723,Прибор синхронного анализа STA-409 (дериватограф),2009,2009,0.0,1,2,45,1,137
724,Акустико-эмиссионный комплекс Лель (16 каналов) A-Line 32D (DDM),2008,2008,2099.0,7,3,140,1,137
725,Хроматограф GС-2010,2010,2010,1858.0,1,2,204,1,137
726,Спектроанализатор оптико-эмиссионный Q4 TASMAN 170 Bruker,2012,2012,2650.0,1,2,45,1,137
727,Инфракрасный спектрофотометрIRAffinity-1 с Фурье преобразованием,2012,2012,1810.15,1,2,204,1,137
728,Рентгенофлуоресцентный анализатор Rigaku Nex CG,2012,2012,3831.21,4,2,143,1,137
729,Газовый хромато масс-спектрометр GCMS-QP2010 Ultra,2013,2013,5123.46,1,2,204,1,137
730,Лазерная установка LSR - 300,2013,2013,2274.0,8,3,140,1,137
731,Растровый электронный микроскоп,2012,2012,15500.0,2,1,204,1,137
732,Энергодисперсионный\nрентгеновский\nфлуоресцентный\nспектрометр,2007,2008,3326.0,4,1,204,1,49
733,Наноиндентор,2009,2010,4000.0,8,1,143,1,49
734,Газовый\nхроматомасс-спектрометр,2012,2012,2600.0,2,1,204,1,49
735,Поромер,2010,2011,2250.0,2,1,143,1,49
736,Прибор синхронного\nтермического анализа,2012,2012,3620.0,8,1,45,1,49
737,Инфракрасный Фурье\nспектрофотометр,2001,2002,1419.0,2,1,143,1,49
738,"Хроматограф жидкостной в\nкомплекте \""Prominence\""",2011,2012,1710.0,2,1,204,1,49
739,"Жидкостный хроматограф с\nультрафиолетовым и\nрефрактометрическим\nдетекторами, оснащенный\nсистемой для\nполупрепаративного\nразделения соединений с\nавтоматическим коллектором\nфракций",2004,2005,1825.0,2,1,143,1,49
740,"Элементный C, H, N, S, O\nанализатор",2006,2007,1520.0,8,1,70,1,49
741,Установка для изучения\nпроцессов гидроочистки\nдизельных топлив\n,2011,2012,2373.0,7,1,140,1,49
742,Растровый Электронный\nМикроскоп в комплекте с\nрентгеновским\nспектрометром,2007,2008,6000.0,2,1,204,1,49
743,ЯМР - спектрометр высокого\nразрешения 400 МГц ,2010,2011,11000.0,8,1,204,1,49
744,Спектрофлюориметр,2010,2011,1530.0,8,1,143,1,49
745,"Хромато масс-спектрометр с\nэлектронной и химической\nионизацией, снабженный\nавтосэмплером и устройством\nпрямого ввода образца\n",2003,2004,3125.0,2,1,143,1,49
746,Дифрактометр,2008,2009,9000.0,2,1,193,1,49
747,"Масс-спектрометр высокого\nразрешения с жидкостным\nхроматографом, снабженный\nисточниками ионизации ESI и\nпрямого анализа в реальном\nвремени DART",2011,2011,10000.0,2,1,143,1,49
748,Прибор синхронного термического анализа,2008,2008,3999.95,6,1,45,1,86
749,Дифрактометр ренгеновский,2010,2010,5500.0,4,1,193,1,86
750,температурное и\nклиматическое\nоборудование,2008,2008,1882.0,7,1,140,2,86
751,Рентгенофлуоресцентный\nспектрометр ARL 9900\nWorkStation,2012,2012,23142.9,4,1,193,1,86
752,Оборудование пробоподготовки ,2012,2012,1391.43,6,1,45,2,86
753,Шлифовально-полировальный\nстанкок MetaServ® 250 с\nдополнительной\nполуавтоматической\nнасадкой Vector®,2012,2012,1363.4,6,1,45,2,86
754,Станок приготовления\nшлифов IsoMet 5000,2012,2012,1363.4,7,1,45,2,86
755,Сканирующий электронный\nмикроскоп высокого\nразрешения TESCAN MIRA 3 LMU,2012,2012,11343.5,2,1,191,1,86
756,Энергодисперсионный\nспектрометр X-MAX 50 Oxford\nInstruments NanoAnalysis для\nэлектронно-зондового\nмикроанализа,2012,2012,4861.5,3,1,31,1,86
757,"Эллипсометр UVISEL 2,\nHORIBA Jobin Yvon",2013,2013,6800.0,4,1,143,1,86
758,Система обработки данных\nмобильная\nэлектронно-вычислительная,2012,2012,1144.6,7,1,143,2,86
759,комплект оборудования для\nбиологических\nисследований,2013,2013,1100.0,1,1,204,1,86
760,Система генерации регулируемой высокотемпературной волны ,2014,2014,4500.0,7,1,140,2,86
761,Твердомер NEХUS 4504-IMP,2014,2014,1853.69,7,2,122,2,86
762,Анализатор грануметрического состава порошков методом широкоуглового статистического светорассеяния Frisch Analysette 22 NanoTec Plus,2014,2014,3855.62,7,2,45,2,86
763,Манипулятор промшленный F200IB-30B-A-PL/2 E-63987 в комплекте с контроллером,2014,2014,2602.2,7,1,191,2,86
764,Химический реактор высокого давления,2014,2014,1782.5,7,1,140,1,86
765,"Вискозиметр Viscolcad One R, Fungilab",2014,2014,277.2,7,2,45,2,86
766,Лабораторная микро установка на базе лабораторного экструдера Ankele Extruder 20/25LD,2014,2014,1226.96,7,1,143,2,86
767,Мешалка лабораторная верхнеприводная Eurostar 20High speed digital,2014,2014,196.663,7,1,45,2,86
768,Установка для определения показателя текучести,2014,2014,193.05,7,2,140,2,86
769,Шкаф вытяжной,2014,2014,109.94,7,2,140,2,86
770,Электропечь лабораторная СНОЛ 15/14,2014,2014,230.0,7,1,140,2,86
771,Электропечь лабораторная СНОЛ 200/12,2014,2014,270.0,7,1,140,2,86
772,Электропечь лабораторная СНОЛ 25/12,2014,2014,107.069,7,1,140,2,86
773,Весы аналитические DV215CD,2014,2014,137.761,7,2,140,2,86
774,"Шкаф ламинарный,  2 класс, вертикальный поток ",2014,2014,185.886,7,1,140,2,86
775,Микроскоп люминесцентный с блоком фотодокументирования и системой анализа изображений Axio Scope.A1 ,2014,2014,1733.77,7,1,191,2,86
776,Электрическая система пробоподготовки методом сплавления для рентгенофлуорисцентного анализа,2014,2014,3572.05,7,2,191,2,86
777,Гомогенизатор Silverson L5M-A,2014,2014,773.77,7,2,143,2,86
778,"Дистиллятор автоматический SELECTA \""AC-L4\""",2014,2014,114.344,7,2,140,2,86
779,Когтеобразная мешалка со специальным стаканом (Rheotest),2014,2014,436.279,7,1,140,2,86
780,Коронообразный сенсор со сдвиговой пластиной (Rheotest),2014,2014,454.721,7,1,204,2,86
781,Прибор для измерения краевого угла DSA30E,2014,2014,800.0,7,2,140,2,86
782,Анализатор спектра прецизионный 4-канальный,2014,2014,106.5,7,2,191,2,86
783,Растворосмеситель лабораторный Matest E095,2014,2014,209.345,7,1,140,2,86
784,Климостат Р2,2014,2014,312.793,7,2,140,2,86
785,"Бокс ламинарный микробиологической безопасности (защита продукта, оператора, окружающей среды) ЛБ-1",2014,2014,128.7,7,1,140,2,86
786,Печь муфельная L9/12,2014,2014,332.679,7,1,140,2,86
787,Измеритель адгезии Adherekce Tester,2001,2002,176.848,6,1,143,1,116
788,Измеритель прочности ИПС МГ4,2002,2002,102.648,6,1,140,1,116
789,Измеритель удельного сопротивлени ИУС-№,2002,2002,208.954,6,1,140,1,116
790,Камера вакуумная СНВ-1,2003,2003,106.596,6,1,140,1,116
791,Камера вакуумная ЩТГ-1,2003,2003,211.5,6,1,140,1,116
792,Камера вакуммная СНВ-1,2003,2003,106.596,6,1,140,1,116
793,Лазерный элипсометр,2002,2002,363.976,6,1,140,1,116
794,Микротвердомер ПМТ-3,2003,2003,111.565,6,1,140,1,116
795,Пресс форма для формирования кремния,2003,2003,155.4,6,3,140,2,116
796,Стенд для измерения теплопроводности и электропроводности керамики,2002,2002,167.7,6,1,140,1,116
797,Трансформатор АСУ 100/05-Е4,2003,2003,114.247,6,3,140,2,116
798,Экспериментальная стендовая установка Криостат,2003,2003,212.16,6,3,140,2,116
799,Анализатор остатоочных газов ХТ300 с ПО ХТ300,2011,2011,180.852,6,1,140,1,116
800,Анализатор остатоочных газов ХТ300 с прогаммой Vacuum Plus,2010,2010,344.98,6,1,140,1,116
801,"Генератор ВЧ мврки SRNR1001. 1000Вт, 1,7-40,68 МГц с микропроцессорным управлением и воздушным охлаждением ",2014,2014,476.959,6,1,45,1,116
802,Согласующее устройство SRNATS1001 1000Dn? 1?7-40?68 Vuw,2014,2014,375.203,6,1,45,1,116
803,Мгнетрон серии МАК4.00 с ручкой продольной регулировкой,2014,2014,339.811,6,1,45,1,116
804,"Насос форвакуммный TRIVAK Д65В, 65м2/ч",2012,2013,113.25,6,3,45,2,116
